"filename", "language", "Shell Script", "CMake Cache", "C++", "Makefile", "CMake", "JSON", "C", "Log", "Markdown", "comment", "blank", "total"
"/home/cxf/Desktop/WebServer/README.md", "Markdown", 0, 0, 0, 0, 0, 0, 0, 0, 1, 8, 0, 9
"/home/cxf/Desktop/WebServer/base/AppendFile.cpp", "C++", 0, 0, 46, 0, 0, 0, 0, 0, 0, 10, 9, 65
"/home/cxf/Desktop/WebServer/base/AppendFile.h", "C++", 0, 0, 20, 0, 0, 0, 0, 0, 0, 9, 5, 34
"/home/cxf/Desktop/WebServer/base/AsyncLog.cpp", "C++", 0, 0, 74, 0, 0, 0, 0, 0, 0, 16, 10, 100
"/home/cxf/Desktop/WebServer/base/AsyncLog.h", "C++", 0, 0, 35, 0, 0, 0, 0, 0, 0, 10, 7, 52
"/home/cxf/Desktop/WebServer/base/Base.h", "C++", 0, 0, 8, 0, 0, 0, 0, 0, 0, 8, 1, 17
"/home/cxf/Desktop/WebServer/base/BlockQueue.h", "C++", 0, 0, 39, 0, 0, 0, 0, 0, 0, 9, 4, 52
"/home/cxf/Desktop/WebServer/base/Condition.cpp", "C++", 0, 0, 27, 0, 0, 0, 0, 0, 0, 10, 6, 43
"/home/cxf/Desktop/WebServer/base/Condition.h", "C++", 0, 0, 18, 0, 0, 0, 0, 0, 0, 8, 5, 31
"/home/cxf/Desktop/WebServer/base/ConditionLatch.cpp", "C++", 0, 0, 24, 0, 0, 0, 0, 0, 0, 8, 4, 36
"/home/cxf/Desktop/WebServer/base/ConditionLatch.h", "C++", 0, 0, 15, 0, 0, 0, 0, 0, 0, 10, 0, 25
"/home/cxf/Desktop/WebServer/base/FixedBuffer.h", "C++", 0, 0, 43, 0, 0, 0, 0, 0, 0, 18, 13, 74
"/home/cxf/Desktop/WebServer/base/LogFile.cpp", "C++", 0, 0, 70, 0, 0, 0, 0, 0, 0, 16, 11, 97
"/home/cxf/Desktop/WebServer/base/LogFile.h", "C++", 0, 0, 38, 0, 0, 0, 0, 0, 0, 10, 8, 56
"/home/cxf/Desktop/WebServer/base/LogStream.cpp", "C++", 0, 0, 126, 0, 0, 0, 0, 0, 0, 11, 28, 165
"/home/cxf/Desktop/WebServer/base/LogStream.h", "C++", 0, 0, 88, 0, 0, 0, 0, 0, 0, 19, 19, 126
"/home/cxf/Desktop/WebServer/base/Logging.cpp", "C++", 0, 0, 123, 0, 0, 0, 0, 0, 0, 22, 19, 164
"/home/cxf/Desktop/WebServer/base/Logging.h", "C++", 0, 0, 90, 0, 0, 0, 0, 0, 0, 11, 13, 114
"/home/cxf/Desktop/WebServer/base/Mutex.cpp", "C++", 0, 0, 22, 0, 0, 0, 0, 0, 0, 9, 4, 35
"/home/cxf/Desktop/WebServer/base/Mutex.h", "C++", 0, 0, 24, 0, 0, 0, 0, 0, 0, 13, 6, 43
"/home/cxf/Desktop/WebServer/base/Singleton.h", "C++", 0, 0, 27, 0, 0, 0, 0, 0, 0, 46, 4, 77
"/home/cxf/Desktop/WebServer/base/Thread.cpp", "C++", 0, 0, 51, 0, 0, 0, 0, 0, 0, 78, 14, 143
"/home/cxf/Desktop/WebServer/base/Thread.h", "C++", 0, 0, 36, 0, 0, 0, 0, 0, 0, 33, 12, 81
"/home/cxf/Desktop/WebServer/base/Threadpool.cpp", "C++", 0, 0, 70, 0, 0, 0, 0, 0, 0, 13, 11, 94
"/home/cxf/Desktop/WebServer/base/Threadpool.h", "C++", 0, 0, 31, 0, 0, 0, 0, 0, 0, 8, 7, 46
"/home/cxf/Desktop/WebServer/base/Timestamp.cpp", "C++", 0, 0, 46, 0, 0, 0, 0, 0, 0, 13, 12, 71
"/home/cxf/Desktop/WebServer/base/Timestamp.h", "C++", 0, 0, 60, 0, 0, 0, 0, 0, 0, 38, 20, 118
"/home/cxf/Desktop/WebServer/base/rwn.cpp", "C++", 0, 0, 60, 0, 0, 0, 0, 0, 0, 10, 9, 79
"/home/cxf/Desktop/WebServer/base/rwn.h", "C++", 0, 0, 8, 0, 0, 0, 0, 0, 0, 8, 2, 18
"/home/cxf/Desktop/WebServer/base/test/AppendFile_test.cpp", "C++", 0, 0, 19, 0, 0, 0, 0, 0, 0, 9, 5, 33
"/home/cxf/Desktop/WebServer/base/test/AsyncLog_test.cpp", "C++", 0, 0, 35, 0, 0, 0, 0, 0, 0, 10, 6, 51
"/home/cxf/Desktop/WebServer/base/test/BlockQueue_test.cpp", "C++", 0, 0, 78, 0, 0, 0, 0, 0, 0, 9, 13, 100
"/home/cxf/Desktop/WebServer/base/test/ConditionLatch_test.cpp", "C++", 0, 0, 41, 0, 0, 0, 0, 0, 0, 15, 4, 60
"/home/cxf/Desktop/WebServer/base/test/Condition_test.cpp", "C++", 0, 0, 50, 0, 0, 0, 0, 0, 0, 16, 4, 70
"/home/cxf/Desktop/WebServer/base/test/FixedBuffer_test.cpp", "C++", 0, 0, 41, 0, 0, 0, 0, 0, 0, 18, 13, 72
"/home/cxf/Desktop/WebServer/base/test/LogFile_test.cpp", "C++", 0, 0, 41, 0, 0, 0, 0, 0, 0, 9, 6, 56
"/home/cxf/Desktop/WebServer/base/test/LogStream_test.cpp", "C++", 0, 0, 186, 0, 0, 0, 0, 0, 0, 9, 48, 243
"/home/cxf/Desktop/WebServer/base/test/Logging_test.cpp", "C++", 0, 0, 28, 0, 0, 0, 0, 0, 0, 12, 6, 46
"/home/cxf/Desktop/WebServer/base/test/Mutex_test.cpp", "C++", 0, 0, 50, 0, 0, 0, 0, 0, 0, 11, 5, 66
"/home/cxf/Desktop/WebServer/base/test/Singleton_test.cpp", "C++", 0, 0, 45, 0, 0, 0, 0, 0, 0, 10, 1, 56
"/home/cxf/Desktop/WebServer/base/test/Thread_test.cpp", "C++", 0, 0, 43, 0, 0, 0, 0, 0, 0, 8, 13, 64
"/home/cxf/Desktop/WebServer/base/test/Threadpool_test.cpp", "C++", 0, 0, 22, 0, 0, 0, 0, 0, 0, 12, 6, 40
"/home/cxf/Desktop/WebServer/base/test/Timestamp_test.cpp", "C++", 0, 0, 56, 0, 0, 0, 0, 0, 0, 9, 10, 75
"/home/cxf/Desktop/WebServer/base/test/rwn_test.cpp", "C++", 0, 0, 18, 0, 0, 0, 0, 0, 0, 8, 2, 28
"/home/cxf/Desktop/WebServer/build.sh", "Shell Script", 14, 0, 0, 0, 0, 0, 0, 0, 0, 12, 6, 32
"/home/cxf/Desktop/WebServer/build/CMakeCache.txt", "CMake Cache", 0, 308, 0, 0, 0, 0, 0, 0, 0, 0, 68, 376
"/home/cxf/Desktop/WebServer/build/CMakeFiles/3.19.0/CMakeCCompiler.cmake", "CMake", 0, 0, 0, 0, 60, 0, 0, 0, 0, 0, 18, 78
"/home/cxf/Desktop/WebServer/build/CMakeFiles/3.19.0/CMakeCXXCompiler.cmake", "CMake", 0, 0, 0, 0, 70, 0, 0, 0, 0, 0, 20, 90
"/home/cxf/Desktop/WebServer/build/CMakeFiles/3.19.0/CMakeSystem.cmake", "CMake", 0, 0, 0, 0, 10, 0, 0, 0, 0, 0, 6, 16
"/home/cxf/Desktop/WebServer/build/CMakeFiles/3.19.0/CompilerIdC/CMakeCCompilerId.c", "C", 0, 0, 0, 0, 0, 0, 547, 0, 0, 52, 123, 722
"/home/cxf/Desktop/WebServer/build/CMakeFiles/3.19.0/CompilerIdCXX/CMakeCXXCompilerId.cpp", "C++", 0, 0, 536, 0, 0, 0, 0, 0, 0, 54, 121, 711
"/home/cxf/Desktop/WebServer/build/CMakeFiles/CMakeDirectoryInformation.cmake", "CMake", 0, 0, 0, 0, 12, 0, 0, 0, 0, 0, 5, 17
"/home/cxf/Desktop/WebServer/build/CMakeFiles/CMakeOutput.log", "Log", 0, 0, 0, 0, 0, 0, 0, 393, 0, 0, 31, 424
"/home/cxf/Desktop/WebServer/build/CMakeFiles/Makefile.cmake", "CMake", 0, 0, 0, 0, 71, 0, 0, 0, 0, 0, 6, 77
"/home/cxf/Desktop/WebServer/build/CTestTestfile.cmake", "CMake", 0, 0, 0, 0, 8, 0, 0, 0, 0, 0, 1, 9
"/home/cxf/Desktop/WebServer/build/Makefile", "Makefile", 0, 0, 0, 235, 0, 0, 0, 0, 0, 127, 120, 482
"/home/cxf/Desktop/WebServer/build/base/CMakeFiles/CMakeDirectoryInformation.cmake", "CMake", 0, 0, 0, 0, 12, 0, 0, 0, 0, 0, 5, 17
"/home/cxf/Desktop/WebServer/build/base/CMakeFiles/base.dir/DependInfo.cmake", "CMake", 0, 0, 0, 0, 27, 0, 0, 0, 0, 0, 4, 31
"/home/cxf/Desktop/WebServer/build/base/CMakeFiles/base.dir/cmake_clean.cmake", "CMake", 0, 0, 0, 0, 18, 0, 0, 0, 0, 0, 2, 20
"/home/cxf/Desktop/WebServer/build/base/CMakeFiles/base.dir/cmake_clean_target.cmake", "CMake", 0, 0, 0, 0, 3, 0, 0, 0, 0, 0, 1, 4
"/home/cxf/Desktop/WebServer/build/base/CTestTestfile.cmake", "CMake", 0, 0, 0, 0, 7, 0, 0, 0, 0, 0, 1, 8
"/home/cxf/Desktop/WebServer/build/base/Makefile", "Makefile", 0, 0, 0, 291, 0, 0, 0, 0, 0, 84, 157, 532
"/home/cxf/Desktop/WebServer/build/base/cmake_install.cmake", "CMake", 0, 0, 0, 0, 64, 0, 0, 0, 0, 0, 12, 76
"/home/cxf/Desktop/WebServer/build/base/test/CMakeFiles/AppendFile.dir/DependInfo.cmake", "CMake", 0, 0, 0, 0, 19, 0, 0, 0, 0, 0, 4, 23
"/home/cxf/Desktop/WebServer/build/base/test/CMakeFiles/AppendFile.dir/cmake_clean.cmake", "CMake", 0, 0, 0, 0, 9, 0, 0, 0, 0, 0, 2, 11
"/home/cxf/Desktop/WebServer/build/base/test/CMakeFiles/BlockQueue.dir/DependInfo.cmake", "CMake", 0, 0, 0, 0, 19, 0, 0, 0, 0, 0, 4, 23
"/home/cxf/Desktop/WebServer/build/base/test/CMakeFiles/BlockQueue.dir/cmake_clean.cmake", "CMake", 0, 0, 0, 0, 9, 0, 0, 0, 0, 0, 2, 11
"/home/cxf/Desktop/WebServer/build/base/test/CMakeFiles/CMakeDirectoryInformation.cmake", "CMake", 0, 0, 0, 0, 12, 0, 0, 0, 0, 0, 5, 17
"/home/cxf/Desktop/WebServer/build/base/test/CMakeFiles/Condition.dir/DependInfo.cmake", "CMake", 0, 0, 0, 0, 19, 0, 0, 0, 0, 0, 4, 23
"/home/cxf/Desktop/WebServer/build/base/test/CMakeFiles/Condition.dir/cmake_clean.cmake", "CMake", 0, 0, 0, 0, 9, 0, 0, 0, 0, 0, 2, 11
"/home/cxf/Desktop/WebServer/build/base/test/CMakeFiles/FixedBuffer.dir/DependInfo.cmake", "CMake", 0, 0, 0, 0, 19, 0, 0, 0, 0, 0, 4, 23
"/home/cxf/Desktop/WebServer/build/base/test/CMakeFiles/FixedBuffer.dir/cmake_clean.cmake", "CMake", 0, 0, 0, 0, 9, 0, 0, 0, 0, 0, 2, 11
"/home/cxf/Desktop/WebServer/build/base/test/CMakeFiles/LogFile.dir/DependInfo.cmake", "CMake", 0, 0, 0, 0, 19, 0, 0, 0, 0, 0, 4, 23
"/home/cxf/Desktop/WebServer/build/base/test/CMakeFiles/LogFile.dir/cmake_clean.cmake", "CMake", 0, 0, 0, 0, 9, 0, 0, 0, 0, 0, 2, 11
"/home/cxf/Desktop/WebServer/build/base/test/CMakeFiles/Logging.dir/DependInfo.cmake", "CMake", 0, 0, 0, 0, 19, 0, 0, 0, 0, 0, 4, 23
"/home/cxf/Desktop/WebServer/build/base/test/CMakeFiles/Logging.dir/cmake_clean.cmake", "CMake", 0, 0, 0, 0, 9, 0, 0, 0, 0, 0, 2, 11
"/home/cxf/Desktop/WebServer/build/base/test/CMakeFiles/Mutex.dir/DependInfo.cmake", "CMake", 0, 0, 0, 0, 19, 0, 0, 0, 0, 0, 4, 23
"/home/cxf/Desktop/WebServer/build/base/test/CMakeFiles/Mutex.dir/cmake_clean.cmake", "CMake", 0, 0, 0, 0, 9, 0, 0, 0, 0, 0, 2, 11
"/home/cxf/Desktop/WebServer/build/base/test/CMakeFiles/Singleton.dir/DependInfo.cmake", "CMake", 0, 0, 0, 0, 19, 0, 0, 0, 0, 0, 4, 23
"/home/cxf/Desktop/WebServer/build/base/test/CMakeFiles/Singleton.dir/cmake_clean.cmake", "CMake", 0, 0, 0, 0, 9, 0, 0, 0, 0, 0, 2, 11
"/home/cxf/Desktop/WebServer/build/base/test/CMakeFiles/Thread.dir/DependInfo.cmake", "CMake", 0, 0, 0, 0, 19, 0, 0, 0, 0, 0, 4, 23
"/home/cxf/Desktop/WebServer/build/base/test/CMakeFiles/Thread.dir/cmake_clean.cmake", "CMake", 0, 0, 0, 0, 9, 0, 0, 0, 0, 0, 2, 11
"/home/cxf/Desktop/WebServer/build/base/test/CMakeFiles/Threadpool.dir/DependInfo.cmake", "CMake", 0, 0, 0, 0, 19, 0, 0, 0, 0, 0, 4, 23
"/home/cxf/Desktop/WebServer/build/base/test/CMakeFiles/Threadpool.dir/cmake_clean.cmake", "CMake", 0, 0, 0, 0, 9, 0, 0, 0, 0, 0, 2, 11
"/home/cxf/Desktop/WebServer/build/base/test/CMakeFiles/Timestamp.dir/DependInfo.cmake", "CMake", 0, 0, 0, 0, 19, 0, 0, 0, 0, 0, 4, 23
"/home/cxf/Desktop/WebServer/build/base/test/CMakeFiles/Timestamp.dir/cmake_clean.cmake", "CMake", 0, 0, 0, 0, 9, 0, 0, 0, 0, 0, 2, 11
"/home/cxf/Desktop/WebServer/build/base/test/CTestTestfile.cmake", "CMake", 0, 0, 0, 0, 6, 0, 0, 0, 0, 0, 1, 7
"/home/cxf/Desktop/WebServer/build/base/test/Makefile", "Makefile", 0, 0, 0, 399, 0, 0, 0, 0, 0, 117, 206, 722
"/home/cxf/Desktop/WebServer/build/base/test/cmake_install.cmake", "CMake", 0, 0, 0, 0, 37, 0, 0, 0, 0, 0, 8, 45
"/home/cxf/Desktop/WebServer/build/cmake_install.cmake", "CMake", 0, 0, 0, 0, 51, 0, 0, 0, 0, 0, 11, 62
"/home/cxf/Desktop/WebServer/build/compile_commands.json", "JSON", 0, 0, 0, 0, 0, 197, 0, 0, 0, 0, 0, 197
"/home/cxf/Desktop/WebServer/build/net/CMakeFiles/CMakeDirectoryInformation.cmake", "CMake", 0, 0, 0, 0, 12, 0, 0, 0, 0, 0, 5, 17
"/home/cxf/Desktop/WebServer/build/net/CMakeFiles/net.dir/DependInfo.cmake", "CMake", 0, 0, 0, 0, 30, 0, 0, 0, 0, 0, 4, 34
"/home/cxf/Desktop/WebServer/build/net/CMakeFiles/net.dir/cmake_clean.cmake", "CMake", 0, 0, 0, 0, 20, 0, 0, 0, 0, 0, 2, 22
"/home/cxf/Desktop/WebServer/build/net/CMakeFiles/net.dir/cmake_clean_target.cmake", "CMake", 0, 0, 0, 0, 3, 0, 0, 0, 0, 0, 1, 4
"/home/cxf/Desktop/WebServer/build/net/CTestTestfile.cmake", "CMake", 0, 0, 0, 0, 7, 0, 0, 0, 0, 0, 1, 8
"/home/cxf/Desktop/WebServer/build/net/Makefile", "Makefile", 0, 0, 0, 327, 0, 0, 0, 0, 0, 90, 175, 592
"/home/cxf/Desktop/WebServer/build/net/cmake_install.cmake", "CMake", 0, 0, 0, 0, 60, 0, 0, 0, 0, 0, 12, 72
"/home/cxf/Desktop/WebServer/build/net/test/CMakeFiles/Acceptor_test.dir/DependInfo.cmake", "CMake", 0, 0, 0, 0, 20, 0, 0, 0, 0, 0, 4, 24
"/home/cxf/Desktop/WebServer/build/net/test/CMakeFiles/Acceptor_test.dir/cmake_clean.cmake", "CMake", 0, 0, 0, 0, 9, 0, 0, 0, 0, 0, 2, 11
"/home/cxf/Desktop/WebServer/build/net/test/CMakeFiles/CMakeDirectoryInformation.cmake", "CMake", 0, 0, 0, 0, 12, 0, 0, 0, 0, 0, 5, 17
"/home/cxf/Desktop/WebServer/build/net/test/CMakeFiles/EventLoop_test.dir/DependInfo.cmake", "CMake", 0, 0, 0, 0, 20, 0, 0, 0, 0, 0, 4, 24
"/home/cxf/Desktop/WebServer/build/net/test/CMakeFiles/EventLoop_test.dir/cmake_clean.cmake", "CMake", 0, 0, 0, 0, 9, 0, 0, 0, 0, 0, 2, 11
"/home/cxf/Desktop/WebServer/build/net/test/CMakeFiles/Reactor02_test.dir/DependInfo.cmake", "CMake", 0, 0, 0, 0, 20, 0, 0, 0, 0, 0, 4, 24
"/home/cxf/Desktop/WebServer/build/net/test/CMakeFiles/Reactor02_test.dir/cmake_clean.cmake", "CMake", 0, 0, 0, 0, 9, 0, 0, 0, 0, 0, 2, 11
"/home/cxf/Desktop/WebServer/build/net/test/CMakeFiles/Socket_test.dir/DependInfo.cmake", "CMake", 0, 0, 0, 0, 20, 0, 0, 0, 0, 0, 4, 24
"/home/cxf/Desktop/WebServer/build/net/test/CMakeFiles/Socket_test.dir/cmake_clean.cmake", "CMake", 0, 0, 0, 0, 9, 0, 0, 0, 0, 0, 2, 11
"/home/cxf/Desktop/WebServer/build/net/test/CMakeFiles/TcpServer_test03_Buffer_send.dir/DependInfo.cmake", "CMake", 0, 0, 0, 0, 20, 0, 0, 0, 0, 0, 4, 24
"/home/cxf/Desktop/WebServer/build/net/test/CMakeFiles/TcpServer_test03_Buffer_send.dir/cmake_clean.cmake", "CMake", 0, 0, 0, 0, 9, 0, 0, 0, 0, 0, 2, 11
"/home/cxf/Desktop/WebServer/build/net/test/CMakeFiles/TcpServer_test04_pollout_shutdown.dir/DependInfo.cmake", "CMake", 0, 0, 0, 0, 20, 0, 0, 0, 0, 0, 4, 24
"/home/cxf/Desktop/WebServer/build/net/test/CMakeFiles/TcpServer_test04_pollout_shutdown.dir/cmake_clean.cmake", "CMake", 0, 0, 0, 0, 9, 0, 0, 0, 0, 0, 2, 11
"/home/cxf/Desktop/WebServer/build/net/test/CTestTestfile.cmake", "CMake", 0, 0, 0, 0, 6, 0, 0, 0, 0, 0, 1, 7
"/home/cxf/Desktop/WebServer/build/net/test/Makefile", "Makefile", 0, 0, 0, 264, 0, 0, 0, 0, 0, 87, 141, 492
"/home/cxf/Desktop/WebServer/build/net/test/cmake_install.cmake", "CMake", 0, 0, 0, 0, 37, 0, 0, 0, 0, 0, 8, 45
"/home/cxf/Desktop/WebServer/function.cpp", "C++", 0, 0, 16, 0, 0, 0, 0, 0, 0, 8, 4, 28
"/home/cxf/Desktop/WebServer/net/Acceptor.cpp", "C++", 0, 0, 43, 0, 0, 0, 0, 0, 0, 23, 5, 71
"/home/cxf/Desktop/WebServer/net/Acceptor.h", "C++", 0, 0, 27, 0, 0, 0, 0, 0, 0, 8, 1, 36
"/home/cxf/Desktop/WebServer/net/AddrStruct.cpp", "C++", 0, 0, 35, 0, 0, 0, 0, 0, 0, 18, 4, 57
"/home/cxf/Desktop/WebServer/net/AddrStruct.h", "C++", 0, 0, 29, 0, 0, 0, 0, 0, 0, 15, 3, 47
"/home/cxf/Desktop/WebServer/net/Buffer.cpp", "C++", 0, 0, 30, 0, 0, 0, 0, 0, 0, 13, 1, 44
"/home/cxf/Desktop/WebServer/net/Buffer.h", "C++", 0, 0, 161, 0, 0, 0, 0, 0, 0, 13, 22, 196
"/home/cxf/Desktop/WebServer/net/Channel.cpp", "C++", 0, 0, 115, 0, 0, 0, 0, 0, 0, 15, 15, 145
"/home/cxf/Desktop/WebServer/net/Channel.h", "C++", 0, 0, 65, 0, 0, 0, 0, 0, 0, 23, 21, 109
"/home/cxf/Desktop/WebServer/net/Connection.cpp", "C++", 0, 0, 224, 0, 0, 0, 0, 0, 0, 70, 13, 307
"/home/cxf/Desktop/WebServer/net/Connection.h", "C++", 0, 0, 73, 0, 0, 0, 0, 0, 0, 18, 11, 102
"/home/cxf/Desktop/WebServer/net/EPoll.cpp", "C++", 0, 0, 91, 0, 0, 0, 0, 0, 0, 18, 8, 117
"/home/cxf/Desktop/WebServer/net/EPoll.h", "C++", 0, 0, 26, 0, 0, 0, 0, 0, 0, 8, 8, 42
"/home/cxf/Desktop/WebServer/net/EventLoop.cpp", "C++", 0, 0, 142, 0, 0, 0, 0, 0, 0, 12, 15, 169
"/home/cxf/Desktop/WebServer/net/EventLoop.h", "C++", 0, 0, 54, 0, 0, 0, 0, 0, 0, 12, 12, 78
"/home/cxf/Desktop/WebServer/net/EventLoopThread.cpp", "C++", 0, 0, 38, 0, 0, 0, 0, 0, 0, 10, 6, 54
"/home/cxf/Desktop/WebServer/net/EventLoopThread.h", "C++", 0, 0, 21, 0, 0, 0, 0, 0, 0, 8, 7, 36
"/home/cxf/Desktop/WebServer/net/EventLoopThreadPool.cpp", "C++", 0, 0, 40, 0, 0, 0, 0, 0, 0, 10, 4, 54
"/home/cxf/Desktop/WebServer/net/EventLoopThreadPool.h", "C++", 0, 0, 26, 0, 0, 0, 0, 0, 0, 12, 4, 42
"/home/cxf/Desktop/WebServer/net/Socket.cpp", "C++", 0, 0, 23, 0, 0, 0, 0, 0, 0, 12, 4, 39
"/home/cxf/Desktop/WebServer/net/Socket.h", "C++", 0, 0, 18, 0, 0, 0, 0, 0, 0, 8, 5, 31
"/home/cxf/Desktop/WebServer/net/SocketOps.cpp", "C++", 0, 0, 88, 0, 0, 0, 0, 0, 0, 21, 19, 128
"/home/cxf/Desktop/WebServer/net/SocketOps.h", "C++", 0, 0, 20, 0, 0, 0, 0, 0, 0, 26, 4, 50
"/home/cxf/Desktop/WebServer/net/TcpServer.cpp", "C++", 0, 0, 84, 0, 0, 0, 0, 0, 0, 22, 5, 111
"/home/cxf/Desktop/WebServer/net/TcpServer.h", "C++", 0, 0, 48, 0, 0, 0, 0, 0, 0, 15, 6, 69
"/home/cxf/Desktop/WebServer/net/test/Acceptor_test.cpp", "C++", 0, 0, 15, 0, 0, 0, 0, 0, 0, 12, 0, 27
"/home/cxf/Desktop/WebServer/net/test/Epoll_test.cpp", "C++", 0, 0, 62, 0, 0, 0, 0, 0, 0, 51, 12, 125
"/home/cxf/Desktop/WebServer/net/test/EventLoop_test.cpp", "C++", 0, 0, 21, 0, 0, 0, 0, 0, 0, 26, 6, 53
"/home/cxf/Desktop/WebServer/net/test/Netutil_test.cpp", "C++", 0, 0, 43, 0, 0, 0, 0, 0, 0, 8, 1, 52
"/home/cxf/Desktop/WebServer/net/test/Reactor02_test.cpp", "C++", 0, 0, 29, 0, 0, 0, 0, 0, 0, 9, 8, 46
"/home/cxf/Desktop/WebServer/net/test/Socket_test.cpp", "C++", 0, 0, 22, 0, 0, 0, 0, 0, 0, 11, 2, 35
"/home/cxf/Desktop/WebServer/net/test/TcpServer_test01_signleThread.cpp", "C++", 0, 0, 31, 0, 0, 0, 0, 0, 0, 9, 2, 42
"/home/cxf/Desktop/WebServer/net/test/TcpServer_test02_EventLoopThreadPool.cpp", "C++", 0, 0, 33, 0, 0, 0, 0, 0, 0, 20, 2, 55
"/home/cxf/Desktop/WebServer/net/test/TcpServer_test03_Buffer_send.cpp", "C++", 0, 0, 34, 0, 0, 0, 0, 0, 0, 9, 3, 46
"/home/cxf/Desktop/WebServer/net/test/TcpServer_test04_pollout_shutdown.cpp", "C++", 0, 0, 53, 0, 0, 0, 0, 0, 0, 18, 7, 78
"Total", "-", 14, 308, 4488, 1516, 1137, 197, 547, 393, 1, 1861, 2050, 12512